Longitude,Latitude,Cost
-111.4855380246615,57.04006374444361,0.4523795535098186
-111.6047593647225,57.053852970711894,0.559772386080496
-111.49288750916486,57.06365437522286,0.9242105840237294
-111.5151750182915,57.015924044485146,0.4656500700997733
-111.55689439172716,57.04987926261453,0.5078412730622711
-111.55644129784636,57.029567828231635,0.587384828849897
-111.45381403849716,56.97433110789099,0.18466034385487662
-111.52641469794919,57.01854325760118,0.5119086390418055
-111.45598610378107,56.977498391371974,0.6298827202168019
-111.58346005268132,57.05268173695591,0.7929768725199526
-111.5591196638187,57.01019898557158,0.09412345622921847
-111.58227588800891,56.96491041150651,0.3034012626245255
-111.51963758513055,57.09589125578872,0.0906705374918394
-111.53015137945235,57.020171701803,0.8096445343671775
-111.4397852970088,56.97479357159815,0.6934384825412391
-111.57046647645531,56.98662230102616,0.041880336369846005
-111.50147323386385,56.98985252124597,0.9821934207987782
-111.4990942583027,57.00024585387827,0.9647577811255668
-111.63428992742948,56.9890036516239,0.6539225335338404
-111.5510820766895,57.05945496922815,0.6155627045785708
-111.62100091222625,56.972162232227596,0.15749409514016244
-111.63483504437002,57.03870064028253,0.01500073694960491
-111.514344303009,57.03329273191741,0.5283812661704788
-111.63472073441238,57.05506547642965,0.05955110516885498
-111.38989477139711,57.10751586477155,0.19020826279792913
-111.61676153485422,57.10662396165264,0.24194301366521476
-111.55214631393076,56.975417442709855,0.03008258922478857
-111.52953019169378,57.02275365577926,0.4639344612232845
-111.53661628343717,57.02452980838222,0.4405311166566568
-111.51552114444578,57.030991006652314,0.842427128518532
-111.55724695785604,56.95176264029313,0.5191241147640767
-111.55753774432931,57.005182551554405,0.6402917079191771
-111.53617948934138,56.991295591341036,0.49977315220679164
-111.65710950409802,57.05076609854088,0.6624495318903681
-111.56516363013284,57.04889828096912,0.4573298815995577
-111.48348643500842,56.99736774405348,0.27816289966388585
-111.56821847560467,57.01249079306061,0.9976562004630843
-111.54640133244237,57.018315984043284,0.9956916416561992
-111.52923815828223,57.038029730685146,0.8402155494928618
-111.49979763222716,56.949471692051276,0.7078096214979495
-111.53622740974656,57.03596078402732,0.3152772170155499
-111.56893397735405,57.04227985564142,0.22966590160790556
-111.58966259116318,57.05809427640683,0.28903994731420213
-111.54176746956665,57.02514142809072,0.0702234995599259
-111.45448726997698,57.020600684077074,0.766287886410407
-111.5965314007893,56.99402632092564,0.40039980491849103
-111.47323385964887,56.967688150625925,0.8465836218811786
-111.49200227298327,56.98346676735834,0.3865135317059345
-111.59369763779534,57.016006234626246,0.9580423833198135
-111.55542043683882,57.01893260467426,0.8473097733028044
-111.44340416694254,57.06576977396179,0.0005449370555704602
-111.55701579196972,57.05569023974286,0.20971741472961114
-111.6349272973335,57.0647256533817,0.9102719281041814
-111.52708653205772,57.017230156484516,0.4699872760136664
-111.4314594063315,56.99291012099634,0.9803589411742921
-111.55122142905995,57.027936232698885,0.39742438807928115
-111.53469967262517,57.02360818547122,0.0730383438336979
-111.66796236403933,57.09603942904502,0.6294549122340242
-111.46134615635836,56.94921066347146,0.7785108586766508
-111.53193585913809,57.04966405139112,0.2697755868501427
-111.577752385766,57.01718446376764,0.08714419835217013
-111.55861383626706,57.0109449958301,0.3325856254633479
-111.50038016599875,56.99952861018183,0.9640762165937641
-111.54500876415452,57.04777528914106,0.7580405169937589
-111.53208508214828,57.008381545872346,0.1179916794195508
-111.55526683225051,57.01829362279387,0.24638794889312998
-111.59430226114195,56.983248587596435,0.10104630895670508
-111.55700648370667,57.00942490099057,0.0598934029410767
-111.51885017973424,56.99907866867923,0.7970215118439741
-111.56748368717497,56.97882624001809,0.17767812819836615
-111.50788555345784,56.970131694170504,0.5592951416103948
-111.61491975683282,57.05066593827698,0.44742487750102156
-111.59233454765811,57.04188072681254,0.19068441529036606
-111.49077522051338,57.060767180050306,0.7318942157143503
-111.53650088663683,57.024575892216944,0.1309670837166197
-111.6098367619587,56.97613983807583,0.6437151237111671
-111.52893066279087,56.99681728557941,0.1165079876397056
-111.5678477330939,57.035853390707004,0.42075561724642097
-111.54928452713717,57.02144243325836,0.21286567300908943
-111.46711142967182,56.98493495915675,0.2697949771905983
-111.59292936109536,57.07084140709315,0.9709290562186915
-111.56522772133947,56.9951981444156,0.8034115030820714
-111.4408984431968,56.99515610796181,0.3041451498709895
-111.52602333758098,57.08389497969881,0.8848651127489708
-111.57490521552162,57.04250513740345,0.2107102214344394
-111.47189792298259,57.02269557157996,0.39427463707205435
-111.38576716566871,57.093401884328166,0.8543769017012305
-111.45944144910419,56.9777686259422,0.6418356565904605
-111.5668543261686,56.983770358591975,0.10033275218388293
-111.52890758097399,57.02974813840471,0.9893016975101724
-111.46120475430045,57.02282678424002,0.21324336857752257
-111.61163687434842,57.06522404367789,0.25827755786162043
-111.5978477131904,57.05097659580889,0.7726896897728232
-111.46750284344449,57.02375915770769,0.32895542554772994
-111.4426127983896,56.98001523242122,0.29632476259894636
-111.61286896870823,56.97646837281119,0.07339855338842416
-111.53617375990054,56.98212327526191,0.09011717296193023
-111.51775990141437,57.020845664278546,0.582734798167552
-111.47910835149005,57.05511845311753,0.24301292013756237
-111.41341212670666,57.11095930842516,0.6012838435819388
-111.57966560043461,57.05966940066019,0.3717040465932282
-111.53125008376166,57.02322390896257,0.453208104723849
-111.53622603813503,57.02422927843996,0.959134672487313
-111.4607997630009,56.97619117501722,0.48372453326254505
-111.53185557540023,57.01991227603343,0.5745712454299475
-111.53849388994749,57.032485666296715,0.8665256678022223
-111.529405360065,57.026799428699306,0.18282771577868517
-111.60864723751183,57.01490250634134,0.1541353189260608
-111.37815465377257,57.10375566443744,0.908423730942483
-111.51147694225395,57.048786171869786,0.8178019494596482
-111.60749770301092,57.05550101747034,0.2494985664292496
-111.60654395029911,57.005192260573686,0.18980066596326006
-111.6152376873666,57.01254029721649,0.7394243898166513
-111.55876612165527,57.06404624214541,0.9404048960948824
-111.64914958006709,57.02296187250694,0.1965897954029887
-111.38817397415531,56.98691323833994,0.9501358523086453
-111.42117138842235,56.98137696856703,0.8821897542664126
-111.60502678539315,57.05044212546066,0.6035342147834435
-111.4512914777032,57.07215328339171,0.42145722394735785
-111.65199219963121,57.10538003605906,0.10383968136494803
-111.5575638810618,57.01328985471719,0.03869647169378265
-111.57163953838278,57.00390557816471,0.9626815114556152
-111.56608768232421,57.00013040586164,0.23840719267598276
-111.46251109046591,56.96249291628974,0.704579460558377
-111.59514343843566,57.03248630571681,0.25698139832031197
-111.47210562022111,56.97231301643907,0.8237178467573527
-111.41106352080111,56.98810175612598,0.5964663065299355
-111.58911303353449,57.00356762079514,0.2934353464847371
-111.48314478683976,57.0575488860024,0.17543339676585923
-111.39470817587336,57.03041059747818,0.7203533275215195
-111.4669839313414,57.06270611170941,0.06877612416744361
-111.46584040261408,57.09158310612591,0.2283963373251252
-111.52357308542024,57.078887009252476,0.559366342824009
-111.65360654477078,56.97034867000896,0.8523998753418814
-111.52909697175171,57.022653727791656,0.6143030157248681
-111.57618468378271,57.1014283742113,0.28021939257085504
-111.5558343570226,56.97342531374229,0.9173601784925751
-111.49529326478064,57.05097295107207,0.2039788793696844
-111.60589936775385,56.93617083664387,0.016574793079155103
-111.51573387500605,57.00149602267145,0.269193928028841
-111.62459694806041,57.0560117944408,0.44570551998215935
-111.55002715646101,57.01156564858426,0.060455575932548467
-111.45542183612326,57.071812137679224,0.17625377537281717
-111.57561657184489,57.04366313748749,0.36878537037226267
-111.5315239518263,57.03703075381889,0.5721694229026519
-111.55506234953462,57.002151774160566,0.13157852062726105
-111.5230434818588,57.0182794180516,0.3621451566994809
-111.51866259168567,57.008409032255635,0.8909402299698125
-111.52051182418025,57.02390483988211,0.9804934213382374
-111.52029838404592,57.02969871997337,0.656932046509572
-111.54867894165189,56.97267127983488,0.6912215912486536
-111.67959540568862,56.949374238942994,0.5844402681801789
-111.47360773902905,56.982457915193116,0.14034718714561778
-111.60893402413048,57.08593138927704,0.03508053663065558
-111.46018966340094,57.06456081784574,0.017894197067565343
-111.4580404934976,57.01945142182119,0.9102124523928169
-111.46646115303854,57.02802512054716,0.7009700187430136
-111.62997321833954,56.96960143365487,0.9627710136290032
-111.586820569334,57.073798354453885,0.021259178209101393
-111.57758242312413,57.00024901669741,0.6361845215770129
-111.52168517345541,57.0431973493898,0.4822357227449906
-111.5757100618609,57.031546148344376,0.7304979809452821
-111.45387194222397,57.01332529926459,0.31890449029658585
-111.56532303174319,57.04173558233252,0.9993576263817553
-111.47519724797138,57.05135285121434,0.0752629000923839
-111.66284241958094,56.94897440337032,0.5460953590853206
-111.50166283634283,56.98924805747384,0.7370054948662589
-111.47579660844247,57.073211259651906,0.900195881249379
-111.53448296780778,57.025007121992736,0.73708813441656
-111.54606253624316,57.03843731706015,0.7036906192417773
-111.5434287157707,57.02571107375276,0.793266676093484
-111.54522091639446,57.02546384085306,0.91500257955204
-111.51429300739309,57.026264486823884,0.35183409664725374
-111.60536343667646,57.06283622467251,0.685145955333698
-111.64807476449154,57.091335705853965,0.9008359393303789
-111.43727764026694,57.07720283118891,0.8711012591220109
-111.5791270373468,57.008413581592194,0.417153141977186
-111.65072839620937,57.021054147124985,0.7905320005883996
-111.49045489302044,57.02999830012721,0.8634726740414326
-111.59956448035435,57.024497140936504,0.5728074983845094
-111.49758905144407,57.00986417194236,0.6249605466594192
-111.4646511866854,57.063316502849254,0.38233352735024995
-111.50018879372217,57.053553434284225,0.5826788918111262
-111.55989039015766,57.084409542942254,0.6088669007439098
-111.54460922029436,56.98691185815339,0.08020202883071026
-111.46300359925516,57.007225752655,0.6394043126373018
-111.48555941311028,57.06121651242391,0.9933221880883222
-111.61367404285909,57.03531492487227,0.8797918291110268
-111.53117984633847,57.052347441349404,0.7282070765655478
-111.43812729187975,56.966017955352065,0.38843633185514415
-111.65420234619441,56.963080163055295,0.7350381515484785
-111.57020519496402,57.060187340834695,0.5809528787266894
-111.50639910148011,57.09534527956138,0.44052249537871946
-111.3944230891117,56.93748737571776,0.8383700291905688
-111.65793551990417,57.000679642377534,0.08378222226125842
-111.4482942773069,56.960867862085735,0.7502101772616155
-111.54664366394098,57.02927313617842,0.029789830075464985
-111.60083129368316,56.95164196845971,0.6012852645496446
-111.49975807282877,57.09597820590494,0.48095681534924106
-111.53851740257687,57.02405660318067,0.23022164372649612
-111.48240809381093,57.008967641939904,0.6983346798485884
-111.58819313256717,57.01097470218048,0.4972505776580135
-111.6574230587885,57.06489884073304,0.614503261894968
-111.54298385476726,57.02598564777838,0.9204642734400726
-111.5789924700181,57.01400842784673,0.25583022010638157
-111.53816886976934,57.04089170655559,0.011307205021018896
-111.5174083635987,57.02352526996822,0.3010326411069957
-111.54068504841652,57.017107258739934,0.6781369791310883
-111.40564438980294,57.07767592040218,0.20257441340680882
-111.39257753770809,57.108312789831416,0.16960715319045838
-111.56878118038308,57.04379260933343,0.9057215999254902
-111.48429496217608,57.07792777501943,0.659990004675846
-111.43244739645269,57.06460193174592,0.4419324807696866
-111.56678602651093,57.03503447293765,0.891726920317737
-111.55854326881636,57.05459404980753,0.32696061882940797
-111.60770995308421,57.056166324338385,0.6658990625336714
-111.68275722213862,57.070508748402084,0.19850577886531595
-111.45373543872358,57.05428495353122,0.4308952823557982
-111.53497228412486,57.02272395827906,0.805988399346394
-111.52533879835097,57.027799517138234,0.9142211988590052
-111.55135283727157,57.0302509006758,0.8802689180835283
-111.609790611677,57.04914907671903,0.384418682899903
-111.51129173669234,57.00252500738224,0.5831071877539411
-111.50259579001111,57.08744159782339,0.3164868444941382
-111.45115022321465,56.99713958193503,0.13617632638329813
-111.48458764202428,57.0478024743269,0.4964670416023219
-111.58900735504967,57.05355863949586,0.8370956174705394
-111.53954038205903,57.02841980679499,0.8487203049702379
-111.64198029845642,57.02106087399598,0.7112177615176067
-111.53016176737096,57.02478970683891,0.9500001518455149
-111.56228454948427,57.05789790767082,0.27679599688841117
-111.46043183726717,57.0988524036425,0.16912891054771373
-111.48202219072081,57.05858665682302,0.450649451250968
-111.63223959544702,57.00030847158293,0.27516282294490835
-111.52299654227056,57.01524125015207,0.21408037715327843
-111.5499325209131,57.03813602748076,0.4139848007451601
-111.54905904908992,57.02005530952878,0.6257335582373686
-111.54528725786847,56.94763185664219,0.49387536698689527
-111.64393550037704,56.94126060846845,0.3153716453632457
-111.54026623569415,57.025174835998406,0.839118412449226
-111.58902606238935,57.106609009130736,0.9820365058241511
-111.5926864768848,57.06996983516622,0.45247733831663584
-111.52810253066181,57.00822531513299,0.074679216956551
-111.47961874571727,57.013750558934326,0.031485775695172746
-111.59398733064694,57.074836761217384,0.8728290543523024
-111.55219336289048,56.99312881358669,0.04148839919458858
-111.53825115025863,57.03513184909255,0.7086309290011997
-111.48294930639332,57.06134519953501,0.5705819603369736
-111.4848464843581,57.07516252688283,0.3090303514099595
-111.44405022772062,57.01097803747437,0.7915135217013879
-111.43597351563166,57.08255812925803,0.019114014811706048
-111.63901916060604,56.945525876881526,0.1358811587481875
-111.56306782080124,57.036754422122506,0.45483241371749705
-111.64912449586389,57.063831493889474,0.024726508328416386
-111.61953264129664,57.095113033922914,0.8296684344590641
-111.57556006183778,57.02366424838044,0.2374090088848343
-111.52474327082963,57.071827364281575,0.1408745258811661
-111.46146109909662,56.987019052417544,0.04694256919631812
-111.50408240502541,57.01097584279809,0.6291803055651846
-111.50786895221876,57.02783422753732,0.44648076675102255
-111.52200243998405,57.02893324709706,0.6299642364337412
-111.38342061644097,57.06656976747754,0.6550430405133651
-111.5292365640643,57.02743598188348,0.8073849109462133
-111.63216510763405,56.96731772418214,0.9584606519190102
-111.4465930476885,57.06373416821954,0.6844927459809953
-111.49217605552872,57.10843555614744,0.1993414224970177
-111.64548061823541,56.989133701450655,0.4751423020365999
-111.59538672569437,56.991745632775405,0.1786860951350846
-111.50073705447778,57.05786720042347,0.010766668282828906
-111.52790815449613,57.02273879715706,0.4721995035920181
-111.54363324435215,57.01975012321962,0.7141709553910419
-111.49079527071876,57.02190531486263,0.1790988089625285
-111.56640700724566,56.96590258945795,0.2723549364401687
-111.54194818576052,57.02115092790377,0.3457395325577939
-111.53891765024828,57.00826809508611,0.6973115723343103
-111.53266214814803,56.97556771196313,0.5204229466648103
-111.55565104407897,57.000481013383414,0.6144476681709943
-111.56426403945626,57.01197533912018,0.7562068563639548
-111.6912290343386,57.10931782149452,0.3935162115749853
-111.53626913904628,57.027136793077766,0.7919322378917845
-111.56922456802235,57.0634214946815,0.9062369855040521
-111.50976938047712,57.03241849213952,0.08720965989293317
-111.49926764702265,57.0176536737733,0.9326038278091625
-111.52358484152491,57.03941003318388,0.7223771764931991
-111.54032941881762,57.01067528255221,0.12990992106872
-111.57615706934408,57.04691479406484,0.4535361543065065
-111.655569942007,56.97119611205299,0.6255481756279307
-111.50423142996898,57.06612217082465,0.909965358724643
-111.4222258377318,57.05556124479076,0.37680276893089015
-111.41308350234888,56.94966722822728,0.5688140440931452
-111.50847992703208,57.02102466656807,0.8793208264011919
-111.51270687980565,57.1032204590842,0.796767240907624
-111.44016183089367,57.0705695844155,0.9442580069832324
-111.59722177874092,57.05524542756522,0.4637077326064355
-111.45137477250674,57.057417499702694,0.6513225658411819
-111.45922179310794,56.98164619871903,0.20489436461750143
-111.47526800374297,57.04932459142115,0.7219356511992093
-111.54934029818519,57.01788315264735,0.8183455377690964
-111.67921040000114,57.06288638749773,0.6416163066344741
-111.5390404580917,57.026842949158954,0.7176619553825562
-111.52451547749405,57.020856687409605,0.2132965791396192
-111.65106523564518,56.98957359167484,0.8999837367998255
-111.57473152875167,57.00724450826642,0.9804931513059314
-111.49846447170663,57.01228243762636,0.9773585223395943
-111.58967051452468,57.06840927341422,0.5369566006716234
-111.51141517591816,57.0960172881988,0.790787130089624
-111.5346177905112,57.052788277832384,0.3203947265586491
-111.68195554818534,56.94407139962902,0.9099897199740128
-111.57800787649037,57.031715284491476,0.8557834626410011
-111.43586280631034,57.078848366400116,0.3485070430093947
-111.61975122339129,57.045332500693284,0.08277258304607016
-111.53790915096054,57.02323338698508,0.44090119259099725
-111.55551852085038,57.02528784194079,0.5503019274876791
-111.52549684431986,57.08133004429519,0.7682334950212895
-111.64702996081009,56.98805604499162,0.48744749218045236
-111.53894266831321,57.016149929582845,0.028410361843515308
-111.63506755709182,57.03713861090719,0.8091401596929799
-111.48643116118224,57.013233723281026,0.06405686161618152
-111.44288414587115,56.97297422993047,0.7998598667614482
-111.55793135240852,57.00453420207154,0.17289630720855265
-111.53475047612454,57.036339221124734,0.3350043273462612
-111.47770649684942,57.01313361712463,0.7879059159458222
-111.44382580208499,57.07179420130641,0.1405001988303809
-111.52749110876685,57.01731028986402,0.14867555349934025
-111.40870810726115,57.09015803939618,0.5165249176365675
-111.45147067945028,56.98815681255095,0.7235663869843812
-111.54610829214737,57.01886727871994,0.839976442440497
-111.6640128317364,57.02628610357102,0.6893715444219353
-111.53844006596266,57.022979841830036,0.9457473969454969
-111.4115348295891,56.987501418878296,0.4925812973003919
-111.53812153781851,57.01293201244655,0.9491543746669822
-111.46191815482157,57.058910141475934,0.08602350769817213
-111.436891383397,56.97108019022648,0.2214141669826365
-111.5928794643138,57.04790407068757,0.5266634043959898
-111.58594397217577,56.97512659758891,0.29016967737048627
-111.53174819108865,56.94687005098483,0.7288432014102575
-111.55713273481315,57.00970351401753,0.6388711420025699
-111.5059909972566,57.01268610801884,0.5227827244566008
-111.53351829925211,57.02206354520288,0.8436233990431729
-111.6658165717487,57.074836507725124,0.5599710885920628
-111.50639792680379,57.002752464721176,0.31169756257011483
-111.53461621098138,57.00529929538653,0.38121698018002925
-111.4401410629153,56.96916176211492,0.8452605669950684
-111.63156528303053,57.0320450312205,0.9005250380146097
-111.47955113058298,57.031674463331505,0.20823957252842196
-111.60886124038065,57.03488381538766,0.8507712344910974
-111.53927275978354,57.02463665022869,0.9684403653793932
-111.53698866835533,57.024173959499876,0.5242259448242367
-111.53166163020381,57.02286919492133,0.5729890800837248
-111.52984834488996,57.02900505506359,0.2009672255149746
-111.65219964779033,57.04320670733498,0.5359036781957791
-111.672547080972,57.09672066190592,0.5031741038332566
-111.54651401839716,57.02358700327293,0.6052277488785253
-111.49942998091528,57.01579142788586,0.027755517798076057
-111.53496921174985,57.02339630462158,0.9694048616584607
-111.5738661584272,56.989150350943035,0.5160177716415644
-111.60082398707928,57.08168285105114,0.4005839343666787
-111.43850458642436,57.027452528032654,0.801068566660595
-111.67885620337907,57.01076831261697,0.5628666886831145
-111.45277776199828,57.01179433905121,0.4910404465587588
-111.53052845109609,57.02645485194662,0.6909867612031938
-111.49585919153063,57.00428735695443,0.06590022840221099
-111.46785234253909,56.987733477348655,0.5387154404739651
-111.49894194513989,56.99505874455145,0.4137740874348802
-111.5330150135074,57.023160352723664,0.9568650782137671
-111.44480851147979,56.977946478877925,0.9234187335085822
-111.57374797244199,57.03222600446902,0.2692137900462557
-111.64420636268973,57.0857347380018,0.4731614998954279
-111.48970405887047,57.0264371325636,0.12696758910775785
-111.54725925853954,57.029324206348655,0.4336775906450653
-111.56799778457946,57.03248101485865,0.815717055914473
-111.56497169778704,57.0391083494661,0.9005554684997956
-111.46589137820614,57.063697011194165,0.4765327164901926
-111.56137926520951,57.02211712553314,0.3172146462545815
-111.53496195923591,57.018433899868775,0.19145171656861337
-111.48815652460272,57.06928653464914,0.6178948806927674
-111.51439467053768,57.03021680728687,0.9252706785516646
-111.52260162826839,57.03350596004749,0.1294614501454434
-111.53426868246764,57.034114997593754,0.7792888431048416
-111.58885937118266,56.96103526439849,0.022785939541644207
-111.64360243437778,56.98443057755573,0.19410660233742782
-111.64247910657794,57.096946910768594,0.2272593230890686
-111.49209486780906,57.0725684140679,0.6870340353554563
-111.53769006664137,57.05818035983852,0.3220822492510287
-111.65472309201624,57.00143609643075,0.3553470912908513
-111.60260835543629,56.98626960605049,0.6197663359256289
-111.52640285062012,57.0697486815139,0.10488550737259095
-111.43425178520613,57.01015023079588,0.7308937503564111
-111.61695996284244,57.04167744666259,0.1227833468609949
-111.43958006000759,57.07393988088392,0.510469053860947
-111.43962198138794,57.040768167663416,0.25055364309024974
-111.58487654329716,57.015244830884484,0.19772884772246746
-111.54449577551108,57.00862274688221,0.5303518837595846
-111.48632242560032,56.99664130758487,0.4367760123554617
-111.42375027838416,56.96898176131863,0.37573619658504875
-111.60223205204282,57.06164078671309,0.41340201217815087
-111.47990741231645,57.09029148376322,0.5293476999982772
-111.47495175104554,56.99824771325317,0.1597285012765498
-111.61802978168156,57.071204595702135,0.20426624166845564
-111.52660838366228,57.013804155724905,0.6313149968833085
-111.49346825167169,57.007056492477055,0.6384671644743065
-111.45003992121309,57.097328295004395,0.5296190173638713
-111.54624838127515,57.039672147272796,0.8512581701795852
-111.63240720672952,57.06774685491774,0.6117111413675893
-111.53201753059803,57.02308020551206,0.8567642132674582
-111.63586551368576,56.97009202612716,0.23265839304643499
-111.58049832547339,57.054319640324394,0.740771573989719
-111.38788912064399,57.085517666169274,0.8105082463293956
-111.62793117846317,57.019526526234344,0.9026775299097224
-111.66163557533987,56.99127245884575,0.31587379875129085
-111.5900437704288,57.03167034848243,0.31498843349995176
-111.54419635960814,56.971692868934596,0.9227669700584201
-111.53561179188442,57.010236415867915,0.21814431084926833
-111.46842378258552,56.9855247019727,0.9983538254688824
-111.52734114098587,56.991746137412065,0.8875416897003484
-111.59587080158217,57.01216572465251,0.1339322245789385
-111.58050260455295,57.042487123119734,0.2393474737744148
-111.569018235965,57.03069680258942,0.7265765077482492
-111.48162664437554,56.993465155077644,0.2594975112967114
-111.57465515897309,57.080079363199026,0.09701587583718618
-111.54863615080876,56.981222755497214,0.8321685339599124
-111.44865802532695,57.107452958648935,0.4216305952018258
-111.56948207724783,57.04353191306912,0.789935825056128
-111.52459251889725,57.02936440580023,0.12600327432636782
-111.436565971294,57.054065337163784,0.40277880153054524
-111.55888106861411,57.05252234144458,0.6852149054322975
-111.59182554974498,57.10859623653752,0.017758675635284438
-111.52418925653814,57.01249597655854,0.20093406416401294
-111.60673035603807,56.98306451640111,0.6823831376253634
-111.42511730561684,57.00581921770248,0.9113729731811138
-111.52235974667887,57.02176298742624,0.9683782634237659
-111.56574110689441,56.98491881268688,0.1154102437549207
-111.5714423485089,57.04136861250434,0.5056809234221397
-111.66065207783171,57.09355150093787,0.7581544320545859
-111.65662703333878,57.089193301971584,0.5027854442491133
-111.6805993418493,56.96365398974713,0.6856826307844301
-111.44397648468797,57.07365119712298,0.18900728823873192
-111.54497053815976,57.02997125647138,0.0705521291648864
-111.69980718220064,57.11288878820801,0.10617332178581285
-111.57533608820262,57.08201213676591,0.0374358725696593
-111.60249601035002,56.996089681833176,0.5516715020936984
-111.5564835628848,57.05488898435622,0.5148243226490999
-111.46991782052146,56.95654639233159,0.5687421745157012
-111.48264969342353,57.10413594965946,0.14655482165195888
-111.56769366083813,57.0726221111307,0.18453629400541627
-111.53645698619081,57.02606417755517,0.2039140177703771
-111.52535507081946,57.01806146732924,0.8402142909022217
-111.52232409616784,57.02533401523127,0.990301380180526
-111.61075116966425,57.027778414052385,0.9268923153947133
-111.52199048061526,57.01351630355526,0.09524642363025815
-111.41783177340163,56.95707459175179,0.06194508175887359
-111.65005415915557,57.09193038530577,0.9514949372482718
-111.50124135298603,57.057713235068334,0.46207074133757997
-111.60804105173783,57.050680740962655,0.7647204778843667
-111.56424746271674,57.01030417096201,0.3268272682345239
-111.40082437522486,57.109694883217074,0.4669598670783892
-111.54275502588104,57.04526355320966,0.5152871262622639
-111.55046644952003,57.02347834718537,0.4300812498486424
-111.49017042355138,56.99142832786451,0.6009297994759227
-111.64209863983392,56.980689501173146,0.01324600453679492
-111.44513298894454,57.07101214379057,0.7010300907558027
-111.42336444676016,56.96536265832801,0.8442628696581048
-111.52911662909125,57.09541328273408,0.18126918679442883
-111.5437976083331,57.0526401005484,0.4539509814945467
-111.37962030137135,56.95003787874317,0.7393342358633417
-111.40936964326018,57.086486773893746,0.40530209185080623
-111.50136825208857,56.983301337812286,0.19512590471559954
-111.47569716826214,56.96019646769366,0.1650766662866
-111.4188050923901,56.967889877226455,0.5125607981707837
-111.4386639345297,56.99152715455916,0.01541766020429658
-111.55318851747072,57.02888494150688,0.8931849977733575
-111.42916487862938,56.9883951998249,0.8017061638974126
-111.46224156634564,56.9881951823062,0.7046715458901768
-111.41455410063098,56.9634447812351,0.8607317798490891
-111.55312633422905,57.02057529505252,0.6293863277106476
-111.53642674236981,57.025043641615795,0.40450991369548406
-111.56488627409826,57.018576414811754,0.5996051444928931
-111.52459616683775,57.037574028310964,0.5042886777565989
-111.47830943992541,57.05684950627557,0.9826802487743984
-111.56586257154189,57.038592796412885,0.8048214000641909
-111.49680298421308,57.00080959950037,0.25826424568530737
-111.61287661300129,57.00050387875967,0.9112990283688457
-111.56099531611034,57.01383363553663,0.7444349061174488
-111.48198996083573,57.01741772790899,0.7779879805448423
-111.55643038106543,57.04648352018845,0.8146417210533892
-111.53572196240462,57.023751959489935,0.40563666174721
-111.47520984653158,57.00437651316904,0.8965450698875688
-111.52242073607165,57.067681091444555,0.8798415104960939
-111.44919939141268,57.03802901816425,0.6947987777729935
-111.64827820985842,56.99214814430915,0.767269800839154
-111.53741357421518,57.02404659776752,0.7652291371043737
-111.44428802892642,57.02016818664315,0.4057455078276154
-111.48586142027143,57.06547211058378,0.7226343541206227
-111.58765858759882,56.979523692145165,0.07055165467659386
-111.55301479293529,57.033805111015525,0.3417186610526547
-111.63741179219554,57.06795270514574,0.4688403911952912
-111.4654695855755,57.06278824481583,0.010594605565429904
-111.52396396136004,57.029479090953366,0.35563718520536336
-111.58664744402579,57.03880236160494,0.6387120776079939
-111.59939907384293,56.986412645492365,0.6240202788231507
-111.5257643362248,57.01973803679605,0.23210719431173443
-111.49096743687764,57.0374225715189,0.9446756836878092
-111.53039999930171,57.02979737126719,0.6660935677503523
-111.53511352643763,57.02353113841584,0.3378156141642318
-111.39980491251171,57.085342632690526,0.6597612306932457
-111.53195645683164,56.98298644372072,0.5695755420771342
-111.44835554820173,56.988035930369996,0.5330796769025472
-111.66995529754693,57.09176296756591,0.38959407444818395
-111.5500175177007,57.031108358223776,0.9998870156526192
-111.63497788957197,57.019225589015605,0.6422652618081773
-111.49475952494592,57.081909626440016,0.7012506955833021
-111.58613479697568,57.04807445761031,0.7617397039784081
-111.40185029700412,57.08362117485914,0.9800867108621683
-111.4820428498014,56.99859542527712,0.022820510825281137
-111.53993471272094,57.026250317482905,0.6153964184824929
-111.52606297424501,57.11119869713853,0.7387948798912098
-111.61808671353911,56.99245361758302,0.2566334936294442
-111.64191199940738,57.08778808866364,0.4015556536969638
-111.60271925966067,57.08056737791344,0.050456931898781976
-111.57270068307513,57.00462009694574,0.19544609373815047
-111.43226009558727,57.052189907192876,0.3756767065136152
-111.51053592189243,57.06304622766992,0.09844909055946471
-111.57309961427879,57.01199119100665,0.25088745561012393
-111.6155887227153,57.03430347123126,0.9056432645086032
-111.46408752217577,57.05933669122229,0.5500576908922755
-111.5841576747788,57.02826998786937,0.5078194246864859
-111.6500974382481,57.04338638876872,0.9671362826278413
-111.5915463265088,57.05540377341065,0.5679785076259435
-111.62136108125863,56.990438271851126,0.9951051555547095
-111.53611899766967,57.02234561620074,0.6380125987853407
-111.46513172276715,56.97757411767267,0.8095282215226793
-111.50966969162943,56.988960081390935,0.07619598917227677
-111.45501853928593,57.09221128404788,0.597536583754638
-111.54902815147776,57.020703542286036,0.7592482190977332
-111.56434466817515,57.00342598765296,0.0451136185707377
-111.52558999352298,56.9965484511085,0.9301538313821202
-111.56242581734344,57.035970331315916,0.1599315731667167
-111.52449675884648,57.09396747530041,0.4717615319048608
-111.53238474991994,57.026423814547506,0.16912265014404337
-111.61972269321303,57.04892883146807,0.4955209012475139
-111.403984735558,56.956631747458886,0.6111716001969743
-111.53685315550776,57.021459083399606,0.058545324426727774
-111.5235228548591,57.02670800591843,0.9452734104881668
-111.52813280142198,57.104972288801065,0.4207038677069237
-111.49967294145662,57.00046765252579,0.526758241642771
-111.63997642455914,57.058842470059034,0.5978320115238022
-111.53475537441354,57.02611648631035,0.36557533242112394
-111.45925799097807,57.04739723765945,0.28575041505130094
-111.54275993028114,57.02414425102916,0.6551115458440467
-111.51802542431555,57.04030413811476,0.5606442461123716
-111.53733510269676,57.02352045018934,0.2835284744470773
-111.64090841930084,57.02422646384406,0.7166017796676503
-111.56319842783331,56.9952325013962,0.2960404979203739
-111.5834393571025,56.99303434816214,0.014012469146311046
-111.50869557692026,56.997585029070244,0.24502281536018822
-111.56558906848937,57.04372049259205,0.042774011440519955
-111.53149338221483,57.04432690712335,0.15658742493991384
-111.52866616940119,57.01077781919498,0.7546445182288374
-111.54021687166727,57.02625349802733,0.3899555582761127
-111.47929579829243,57.07482574729621,0.8975421139236095
-111.54734542150693,57.07037853110005,0.748363117857062
-111.49682414880166,57.038100539447285,0.05015821443309321
-111.51461751764873,57.0375656107518,0.9887694472302951
-111.60362372975032,56.95916715215464,0.9444573396387685
-111.57407815510987,57.029758701739546,0.07350428251617858
-111.55688460463885,57.04175141845145,0.9055508615352583
-111.4898798718349,57.012441660376545,0.42951573967281564
-111.5757960045865,56.97738281623882,0.4776084441760394
-111.66135078846295,56.99360133435311,0.9731680732630131
-111.4243799401972,57.07939459545019,0.24370829794879212
-111.58005758326043,57.052257085301775,0.5233594410007666
-111.57788955494006,57.026822262466105,0.9372709528369338
-111.54360807846057,57.02456365819218,0.7227377661278316
-111.61376600191872,57.05363362377614,0.4683503519323806
-111.62481757677304,57.076653443578536,0.9788207930322945
-111.56576584762523,57.04943894051681,0.8166960421590804
-111.58009953554956,57.01538583010957,0.6036232911527608
-111.59760093799133,57.04906719629182,0.11509326137900155
-111.54267612839075,57.021222214127725,0.6242479713049379
-111.52773166592176,56.97194435422358,0.45568868605766366
-111.55819878395742,56.989039430808326,0.2036569406176293
-111.4837773843178,57.023794078292156,0.05205570427102646
-111.50347127980699,57.02323178984359,0.5280997094118902
-111.67078898885687,57.03551690494606,0.12432590397672394
-111.63169762197849,56.97592386915776,0.44286411359740974
-111.62076871430054,57.04687410250039,0.6678912596179042
-111.53582416143989,57.02773463739362,0.4555534318167789
-111.62621615712176,57.090035677876564,0.262129408416101
-111.50975572299224,57.03693262209002,0.582236652687239
-111.58738219527709,57.0560703588451,0.41953181746616885
-111.47557290502672,56.99225936523122,0.7779667507400129
-111.47348450272607,57.04132907642699,0.5307662622267892
-111.63288681482183,57.0925294674914,0.9976345906926203
-111.56796156075006,57.01568293965796,0.9526349923769315
-111.69162161336024,56.94227928570862,0.7342847073739142
-111.46158759038907,56.947680466002886,0.23841102779734025
-111.55072511293416,57.020398350993446,0.11386855321339107
-111.45198472155123,56.96357559461244,0.8926996164664786
-111.47934833225752,57.016051522698504,0.7843088172923922
-111.41325500349073,56.948823804677374,0.6249764252197865
-111.61070397873016,57.050145025260775,0.35918389465477474
-111.42185528724877,57.051565888068914,0.27151184238350823
-111.61211158438627,56.95737293955963,0.6850388402124903
-111.451115912187,56.96493895180007,0.5648904122340652
-111.39568394640146,56.935364188458244,0.5916750817747759
-111.43622773389038,56.96701311422845,0.6331006309288789
-111.49646565817008,57.02916531578011,0.7533495965557995
-111.59470866353354,56.97726106853344,0.18981544637602343
-111.52713522015745,57.01043130226605,0.2489610351782222
-111.47117152262629,57.05862856726573,0.979720858133869
-111.55008712255074,56.96177394217569,0.9157220139799845
-111.56427447230946,57.033411196990556,0.8787764063713739
-111.60472322181336,57.01148413195953,0.03950788548893869
-111.49977235754446,57.00814295123305,0.0607868508210464
-111.5826955475933,57.02159358517469,0.270939448919288
-111.52265105142891,57.03921514772695,0.4251929747082577
-111.63397884542302,56.97633612031316,0.6233491602394372
-111.54876914760716,57.065521635920234,0.10246960239530534
-111.57623589505721,56.99612032765412,0.5416481739155082
-111.64016403648567,56.96005838422278,0.07249283608636392
-111.52541797151031,57.04015096264721,0.08644180679981683
-111.53363331245272,56.97659671785351,0.6762800675694437
-111.44423820772576,57.086413547713306,0.5506286117043651
-111.63243315325349,57.00960780672905,0.6311054228357234
-111.65114771219736,57.03343439301264,0.3731835967601056
-111.64406328869791,57.08938725723676,0.4785555031455999
-111.55998907280127,57.06616375331422,0.2106326322127532
-111.53930975171977,56.957235981572566,0.3437005243778657
-111.50875626222457,57.00713523302924,0.744826817016024
-111.60785041302478,56.988911656801555,0.8385538896144057
-111.48679238948056,57.06185321604,0.07434665264377427
-111.45118955148013,57.06252714977561,0.11978852337084378
-111.63550927112935,56.98577763628797,0.8091830076429399
-111.55378348861927,57.056421283782385,0.6237324687688749
-111.66584906046359,56.95491245692697,0.7687510160277636
-111.4425801700488,57.05066381864262,0.21316465321435496
-111.4678758949472,57.006049576478944,0.4243603329905926
-111.5665731022242,57.076573132715325,0.2580722450474323
-111.54715350567639,57.03984708785963,0.8098769720694803
-111.46974525262662,57.06468686733617,0.368949995588262
-111.62822567060442,57.0952428084937,0.6536576959218378
-111.51455698993482,57.063108829603266,0.989180576776387
-111.38596322845777,56.951783812059425,0.3253906092858737
-111.50717469187909,57.039934141831424,0.5486134719773017
-111.4755016878032,56.979339126697,0.7461047606628906
-111.56933210698337,57.04299848086699,0.9208250282992971
-111.57938834133776,57.0316602666581,0.4276525575951219
-111.55908115081606,57.04284481661728,0.36926050916753406
-111.47767593335318,56.986881265907364,0.09701694147300899
-111.45713627000144,56.979073654914,0.8751781905006885
-111.52192212915615,57.0221618978546,0.07850762116635579
-111.52737623954636,57.024620053273544,0.08302142792931522
-111.62773847897425,57.082776133659095,0.5642163050768371
-111.5143206262646,57.04146802739053,0.48485685747340834
-111.56667966646829,57.038043838187534,0.6853269224130536
-111.44161213657043,57.01976157483888,0.2988706739507335
-111.5974985193151,56.97298866177622,0.7755031735397326
-111.45954450304656,57.01200091100054,0.07607929639626887
-111.58408845069677,56.996670762762115,0.21326036684724659
-111.5238267716205,57.04355963225832,0.6620982781329675
-111.66554902969979,57.04856794356141,0.08170892816115172
-111.63148413177431,57.0007054756592,0.3038052357342932
-111.58578542918917,57.093507907245765,0.7249971610616802
-111.66911258015016,57.078753219905,0.6939808378215829
-111.45002874972181,56.988802724457265,0.2829151815303472
-111.54682497111706,57.097549525158406,0.1429181264247945
-111.48753388424642,56.95628795048855,0.35780164344059795
-111.5467444332929,57.02269750211344,0.7259756202032112
-111.52077977252065,57.01842684837752,0.3663944520523926
-111.47165508862574,57.01930724315524,0.11738219352398216
-111.47106918497418,56.99317511341542,0.7092748764230361
-111.53874001702295,57.024501492878294,0.5692745565978318
-111.5240272328342,56.97147522379774,0.9185566224335848
-111.60037139705756,57.02495456852738,0.9399358234334817
-111.549555384101,57.052663585651004,0.9133752977788598
-111.5396337278341,57.02972271351274,0.43799270339467544
-111.54887732163574,57.03030789810611,0.8030494301942407
-111.5314874060761,56.97329077898252,0.3047645424177934
-111.56538820741048,57.01509957679938,0.31761924342225045
-111.51302737162571,57.0368796812674,0.39959169900245883
-111.61556601638122,57.000871770493475,0.9346660355462697
-111.53792498971669,57.02461752908638,0.8947274127316923
-111.64051281682544,56.9661443511258,0.24830521705960562
-111.67188062413871,57.087375061245424,0.3616942080000324
-111.5590963043517,57.09399495481756,0.3655642347344552
-111.61758353721768,57.08218279684539,0.3633117800727832
-111.53294822515343,57.02033975156229,0.39560959178811805
-111.56879277314775,57.02352499674154,0.38757987913586434
-111.60802128868961,57.09688974918789,0.19496042086804244
-111.57351467349933,56.993366268907565,0.5638046888131457
-111.6080687476229,57.04123230602166,0.7970828219521486
-111.5083766640611,57.071410002955865,0.5405614536612222
-111.54420097635004,56.99106435294201,0.8363763585026657
-111.49517918487503,56.99228701043617,0.5627792043781901
-111.51588150530564,56.997526454431245,0.17659219421252348
-111.6021463497031,56.99665766580017,0.758947353470096
-111.53740599818245,57.04587810678871,0.8808982435964984
-111.52588148737193,57.02320760207623,0.28145494171866825
-111.49525553479432,57.04158310273957,0.022230090359152466
-111.65849909611279,57.10787857590858,0.5156412873992887
-111.51253449967184,57.04559829644577,0.5441516649625018
-111.48161987582306,56.99884744858464,0.5674625135651169
-111.61087137759804,57.09484021686667,0.9664160536403971
-111.53122513935348,57.02902959596544,0.6512041229135382
-111.53890175261651,57.001464540068,0.8043189899827914
-111.5653304813312,57.00315297097461,0.06405647532612202
-111.59741517026242,57.0375609734177,0.5468160905351837
-111.57928761707491,57.001606185869825,0.7880628745664293
-111.53082483273383,57.04567627694185,0.08404616515726693
-111.51130390085841,57.03269779984057,0.08167260344061422
-111.4570232177262,57.073642976064555,0.7370599218115624
-111.51124054459987,57.00898650802571,0.8990718596712289
-111.53566807289685,57.02398720078581,0.08469990660220261
-111.64523753295623,56.99194757615198,0.6341280166323365
-111.47723492060706,57.004653935989985,0.1438779391158328
-111.50994490817094,56.9916595192127,0.7457915381807974
-111.61848778277403,57.0928535335747,0.6490033896420295
-111.52034510001398,57.01451598253097,0.24545024120958936
-111.65936164648309,57.00877733245297,0.22044984615600716
-111.64853908234399,57.08169501612618,0.7653530307690585
-111.42643360739442,57.02305422162122,0.5215541894597429
-111.53233059213773,57.02681931875172,0.764709304713235
-111.48664611192407,56.956939463769885,0.39438257627517304
-111.5502879394418,57.0347391643262,0.3378135845607185
-111.61362898495075,57.05700352889684,0.9682714814913752
-111.55968666417311,57.02119708943309,0.6723873625450992
-111.52660881588129,57.01962696235884,0.49366195863515994
-111.4875885041242,56.999954605908655,0.5373398423551149
-111.41677981617669,56.94308218345992,0.7209351217185594
-111.48117784909893,56.960007932100304,0.70814063860594
-111.56894786553809,57.03035574076957,0.914976843045955
-111.63677550913268,56.936235762145984,0.41060553310101044
-111.54397318593134,57.03057101720263,0.8262321724422061
-111.4566209413329,57.01402676432134,0.6667364265707533
-111.54616792786564,56.98017795049178,0.8535040393759923
-111.42236816418004,57.04836655747236,0.8059072597174087
-111.56115491882161,56.98258748563088,0.8338277272079414
-111.51033327521675,56.97187791699769,0.8886469339181395
-111.49562935683181,57.045984492961665,0.9577867578069995
-111.61370599373488,56.97748426948196,0.6402733551289711
-111.63089131083052,57.039179856868316,0.5238561508212439
-111.49203827430728,56.997321705639365,0.7100864053528632
-111.5012574255789,57.021615335213255,0.8022534184897467
-111.4297347448114,57.08446303169892,0.4216109210518144
-111.54386423532111,57.027991935263564,0.42045662489207425
-111.52614096589,57.05813634942948,0.1461894381472495
-111.42866778808653,56.96862579494462,0.7412322399188072
-111.54285122875417,56.99539043684316,0.9910103800534042
-111.62619111319728,57.05366120812604,0.3755222982471311
-111.54194369862898,57.02800669518162,0.16765544802605792
-111.57749368066399,57.051884662990254,0.20436474970971807
-111.46065709040695,57.06638438304867,0.4249451721390439
-111.67175245989485,56.963847458428944,0.29202437604993636
-111.45771753342733,56.985415555756965,0.9697602755284829
-111.68237539555645,57.01897772992184,0.0592070182520511
-111.52288147823786,57.05480169890979,0.3084446022716919
-111.50191959972244,56.94430572889062,0.1148127116523634
-111.61903014590251,57.02798006677593,0.6479803186320908
-111.60920792329239,57.06364824107826,0.7759350308755788
-111.50917406556324,57.007747644420256,0.1794328683033256
-111.50412203801966,56.95063437297489,0.062344511994236074
-111.49980983091397,57.007932122837566,0.4587595240560921
-111.47399722212037,57.01661795935611,0.5840664318284253
-111.50557389978266,56.99598068018966,0.9092949315935642
-111.57806415301353,57.004314121553534,0.03637464577369798
-111.48388665229177,57.05474509483965,0.1086759060444259
-111.54919836118758,57.01835091770001,0.18454008817166223
-111.67370981508283,57.00268769043373,0.21736433795355792
-111.50857132077442,56.98495463134186,0.23540878742952875
-111.56480574949927,57.020951116572164,0.7172437345379029
-111.64329061046556,57.084536045239446,0.594786051724926
-111.52414777498451,57.02453589124594,0.22395932258630602
-111.4436619856217,57.05702857040061,0.18498703758806723
-111.53598556845874,57.02439258048362,0.2810619205421706
-111.44564777700083,56.97505339743061,0.1725133650800451
-111.60560471882731,57.07633666589605,0.7575038741331671
-111.50964641401264,57.054018863539376,0.3117300616708094
-111.56028364846375,57.01750915764776,0.548234574064585
-111.68329419423226,57.092540659957834,0.8171283941746544
-111.55607972985231,57.07743832779567,0.47949112842522734
-111.42133240194997,57.06213799898068,0.2604644185659297
-111.51132150857902,57.02726547438217,0.887419003267703
-111.53616384563337,57.02331150091731,0.9142530035651963
-111.53037540512862,57.10580375615194,0.342074980290608
-111.51306830570087,57.040916932840325,0.5473493991172342
-111.52705671090575,57.02011555913864,0.9570193446607822
-111.60204908789122,56.992876068494944,0.48261348800791315
-111.56020533952396,57.03825614649855,0.22100524156857648
-111.53576696266408,57.025604911640805,0.049706862996668266
-111.44493225698115,56.97405506202428,0.9475201676360686
-111.47102854347688,57.01264025302824,0.8014176547399123
-111.39058941382197,57.10249903471154,0.3849765507580992
-111.44725983434678,56.98383996548091,0.5275862052642412
-111.52268796139181,57.0370541438841,0.5158183110816068
-111.52850438374156,57.03739804461671,0.2745501010691992
-111.66645614786582,56.959768112397335,0.9902456630612725
-111.3818744060981,56.95937688488372,0.6575532549936844
-111.55758836035294,57.04545677671639,0.2376139900996933
-111.44580058004892,57.04996904232456,0.010877153829119246
-111.54397006960032,57.0199133912501,0.47264600474557894
-111.65806231004638,56.952770644196036,0.3715605545790407
-111.53195099510697,57.011741062320574,0.7967730257403345
-111.42926997530786,56.97037582003788,0.7132874907660364
-111.67318682688065,57.02497938668608,0.6060732295723886
-111.52621939853972,57.065799423482126,0.15729039472172213
-111.40116235977025,56.956944458580914,0.1569101495439713
-111.54043559624317,56.99547935556666,0.3218037496860249
-111.444958616883,56.97355288773712,0.2594233371921286
-111.57767448003874,57.09700537823719,0.8692455799133194
-111.53555777188912,57.02543247483814,0.5161253223651382
-111.63048090945416,56.94853491678596,0.6369665543859823
-111.42944236324288,56.96024479228888,0.9931188644431325
-111.5631690437474,57.01051612839209,0.2665091940457859
-111.62399635413763,56.9831866853333,0.5345764387618099
-111.52070031665642,56.99951052910996,0.15065336653497385
-111.50817429438901,57.03338869427681,0.7703777266912111
-111.47601315090046,57.01100002672591,0.0013653204165581245
-111.42592613844016,57.00402372562146,0.821418068678879
-111.49812782521303,57.033159178095616,0.8461828317420569
-111.50416679812282,57.016195093654865,0.8220883989961076
-111.56708398382922,57.017638572856555,0.08242649102008115
-111.53034639425069,57.06617963882321,0.2699207262312113
-111.63204577701839,56.97804765705868,0.7165228838320666
-111.40127205882871,56.951604663842275,0.09716696209947984
-111.61477203340316,57.09890852343277,0.4801021120972325
-111.53741520226907,57.02350534379259,0.4686637228940346
-111.51221368902236,57.029624917910986,0.9554940443381345
-111.53526258165773,57.01258319191351,0.5866334627822708
-111.57986122975679,57.02823629274383,0.8573455103186425
-111.42634441608777,57.08303345270869,0.3035941125380348
-111.50339840674829,57.05821229195731,0.7893216549438434
-111.51923692139908,56.95910192141722,0.41697050029836913
-111.64507207423308,56.97853342354104,0.9167581102418111
-111.59554301456394,57.04223433885908,0.09094531671269024
-111.53606497918787,57.02440987044365,0.8263261351003548
-111.52476241576541,57.02348290514614,0.20840830383615128
-111.6014042799162,57.07679950698329,0.5433713526513391
-111.54879912010946,57.012361710077535,0.5256727747185761
-111.5142817707305,57.03792898810286,0.1575515191748309
-111.65751280462808,56.99000832042076,0.8320091215069167
-111.53790812990671,57.0225982688076,0.31140818682386207
-111.51864424730526,57.01588204037324,0.31074668024079044
-111.62152850584478,57.013896014795044,0.07602509525709378
-111.4377385783131,56.99627876606884,0.30570136753669497
-111.50366740244489,57.085484727945044,0.4672263165350765
-111.513403741484,56.993687102046316,0.7151457299816635
-111.6528706646746,57.090868413642006,0.35970949436981015
-111.49779005119261,57.05567088929683,0.6870943392854484
-111.57990827718457,57.02706150506669,0.10575201859817629
-111.66396818831504,56.958772277495086,0.3942363163520295
-111.49756703142496,56.98018698257549,0.4617588277655569
-111.4983805592929,57.01719375745951,0.9669083117277839
-111.58332058052564,57.02877588922658,0.8297413000605522
-111.4098843119653,57.101958307481326,0.6539364639320286
-111.61472251167191,57.03084522599552,0.012348188934318438
-111.54382494344846,57.02838228598451,0.37712675118267114
-111.54687145778922,57.02999717915957,0.7100061958674809
-111.50952435484204,57.02122288255153,0.23747794548770995
-111.47987366335624,56.98608215129755,0.5641159051159376
-111.53898181436362,57.03107223026534,0.4580878300355429
-111.49440356370236,56.96256283928886,0.010471164107812125
-111.45239798638401,57.0729407551129,0.9916242125966215
-111.40395019502982,57.0326095929898,0.7994500303211018
-111.64060911117734,57.02715799745447,0.20673010424921756
-111.5512171364463,56.99439338540027,0.6160667698989214
-111.52622841307675,57.037049795918364,0.2903936701101949
-111.52934637807,57.028063839022444,0.37598871393091693
-111.50250251036834,57.007458596816235,0.5397675987312963
-111.60441448430683,56.987426947267075,0.2982059043205465
-111.54225067638093,57.02042668763674,0.3373896386841091
-111.62784663231542,56.942104318006955,0.3922001760868983
-111.49874426524822,57.04927415736688,0.6666888079563209
-111.46495316334119,57.09502791484288,0.2564467876304488
-111.52892957088137,57.02768031345435,0.19994467032365337
-111.64782112987393,57.00243350191818,0.7314436890898935
-111.50085798225415,57.00877181697788,0.32939802340950597
-111.49295120047961,57.057577059663465,0.9450375085607701
-111.6364304513475,57.01237729148185,0.5628083159761054
-111.52074639586328,56.98643050983153,0.7237920436287394
-111.57421703457216,57.03050668224707,0.3316584635291733
-111.57230501256063,57.01055567118357,0.8268850250723816
-111.58453618067244,57.05909956949983,0.09227371291715392
-111.56801737449022,57.014976382867125,0.1408224673697397
-111.53605101740362,57.024128152875065,0.09439642080246857
-111.57352246961933,57.02117271158212,0.6776953759073647
-111.54130512529785,57.019374364380596,0.7082888646367528
-111.41706908342495,56.949750487909064,0.17987061435852636
-111.4913977409607,57.05538348079236,0.4022790196275444
-111.39878933983297,57.092482443474665,0.8369197358426816
-111.62355897919203,56.966455429017,0.5927395500536012
-111.53187097945445,57.02705056305029,0.09010037854635822
-111.58651554144053,57.039287795887994,0.22658297443656827
-111.39315403658387,57.09888432571778,0.15708567192714062
-111.52420816519283,56.98335617177284,0.12410816873472019
-111.57472414125374,56.99575764551368,0.40684111990930116
-111.54287585044382,57.010273797847354,0.07268250988166858
-111.66920299375685,57.06643242605022,0.9206155152861571
-111.52470111909014,57.028765862058066,0.42701270376813993
-111.55905236993937,57.055855103063934,0.5115654106367667
-111.5308709425708,57.029970106487006,0.6472475395012885
-111.44379628985283,57.04641956111908,0.7668614026008067
-111.39684689894966,56.981991642188504,0.8211079589375915
-111.55105532714948,56.95771242050678,0.38594548763889225
-111.57089096682645,57.110105443096415,0.33141051174197067
-111.48923745591637,57.00493681986647,0.4121405007170643
-111.47547843066091,56.957624484008015,0.01542547886772716
-111.6456338825763,56.993720492823385,0.40070809880714886
-111.53414511179756,57.025317399690124,0.6998806842990425
-111.50801266290318,56.9725157554226,0.9819510861393466
-111.5615767228304,57.09741636462413,0.7896710130948672
-111.5311255011567,57.02257326391194,0.6602294220443566
-111.52135146464425,57.013023639950674,0.6086040253184148
-111.45550800267699,57.00184519100436,0.018541509365397446
-111.63636120249146,57.036296249084934,0.33101544669836713
-111.62295130560616,57.03237693240872,0.3422366850583112
-111.55857613711935,57.10345957780199,0.6507223206850392
-111.4789483667608,57.057764852091275,0.10627785740199036
-111.43458659032711,57.00438672205389,0.3776123911506146
-111.44628403385056,57.07319455541022,0.5093622083422178
-111.5524861485124,56.96305910504314,0.7885542906334791
-111.60054366230463,57.00932109980547,0.8251886151929437
-111.64621233453498,57.048201308383526,0.6114372217165885
-111.55864674765668,57.100374790015486,0.1583419982632911
-111.41692706509365,57.03091589772206,0.7665127034398772
-111.39786576764324,57.10446012809391,0.902996765810887
-111.50770747180735,56.973349039025635,0.5482537242316838
-111.57374975295997,57.01640772251083,0.3525609419644845
-111.60808999419345,56.98079190643258,0.5004156121123255
-111.55003099352047,56.99482945297256,0.14175436328467572
-111.47982106605684,57.02952446438403,0.7134211823207836
-111.62915784834482,57.005588221811145,0.9867782736830991
-111.58607072911336,57.01578644753348,0.5160363539931208
-111.59663778266683,57.07730555278113,0.7153860979290497
-111.58669216444747,57.05861693216435,0.8355227853053022
-111.68095301566873,57.08880745965831,0.19720314120776383
-111.51937001119533,57.05867686145206,0.9448904546104989
-111.51412567478759,57.00523263101183,0.6271153365034077
-111.60562553118451,57.058070537346424,0.19789917600612583
-111.4577763454474,57.078773643446695,0.0832383270284196
-111.56745922682511,57.032029006109916,0.24459936080787192
-111.50593799665403,56.971599362508556,0.5764866427890653
-111.5107429352292,56.994827360491755,0.6971013347326073
-111.53937145741727,57.0257002653862,0.32918461480555883
-111.5467195924246,57.02063292797545,0.9290600484051613
-111.57946690548191,57.05587880748098,0.36119888921207044
-111.42049904977053,57.04330339925259,0.4630333399994916
-111.56199046013903,57.01016320759222,0.12402707675313251
-111.67098035412427,56.95345921255102,0.973578324390812
-111.53825700059457,57.00068277777498,0.13560463665895517
-111.54139726910202,57.01781134053752,0.9040573281744442
-111.52918056291324,57.02646946949808,0.5434256013195924
-111.62536074279274,56.98413826257534,0.56072797673633
-111.4039118130865,56.95183496265398,0.5603483834496984
-111.64331061397856,56.9865713678214,0.2643680212537546
-111.53932227137872,57.01899408239667,0.9093309696444908
-111.4343097370404,57.010474746011276,0.9921311951947368
-111.53818775290785,57.02459554447588,0.8175110916398732
-111.5736064238154,57.01021738131496,0.6015060107830114
-111.52821241086322,57.02985432662338,0.12265295486144523
-111.45989785307249,57.07495637505721,0.8246519342347897
-111.63979181504352,56.95886595632635,0.28857910398447495
-111.5706386885566,57.03350911470507,0.8970081758769889
-111.5040862174422,57.05157622131268,0.24086150346938906
-111.60793383745866,57.055573257398834,0.5735843953721191
-111.39652414169721,56.98162419972866,0.8307547209104571
-111.51825623347871,57.02081745628233,0.1855739772139633
-111.5007200629816,56.980954385653256,0.5478567094449054
-111.4324853606069,56.98955447395451,0.07627135108673022
-111.52995492445285,57.0226016710008,0.03202089967869415
-111.43575514118479,57.0036002853176,0.18006782071825334
-111.6184932950523,57.001943145833344,0.9870061198613947
-111.48038284340792,57.057982419599405,0.9394446387801697
-111.57989713015328,57.0113740089097,0.6583729769159196
-111.52769263604952,57.03041507396129,0.30764963296134296
-111.43702506319681,57.078410639376244,0.6712345842075421
-111.52088673835446,57.025730441981835,0.7376790784779534
-111.50828041666233,57.04152432292857,0.38164155643597375
-111.46481033567908,56.992828395785956,0.591898051204714
-111.55650049999464,57.012618550681985,0.8038171586642112
-111.6372604795121,56.993918419209685,0.016349160362406412
-111.5125353230893,56.995046488091056,0.1995345980823472
-111.54449513759504,57.0071912525518,0.4680238592107685
-111.5918955791505,57.04443597707613,0.1429866740693061
-111.59525085001191,57.00469400796649,0.38637776760962816
-111.46726259007471,57.03038211428476,0.5695173845122308
-111.56825658037394,57.04102010594318,0.17368835461320142
-111.4717489782265,57.0799488282539,0.5197706455847141
-111.56699056688623,57.10319289745744,0.26365819755294884
-111.44452375712406,57.01032606636471,0.5680342386045081
-111.44225428703436,56.97661294875755,0.33209774683023274
-111.5297948436879,56.99177237240498,0.6417056529520218
-111.56108445722653,56.998581538985476,0.03786318541786815
-111.47673215029265,57.07846746979018,0.670994593109998
-111.52782155988133,57.05329944215504,0.14474724533541372
-111.47785080570883,57.05867011108347,0.9593302421089432
-111.62120383075111,57.00639697387435,0.6000933058747626
-111.60357198564887,57.011764992209095,0.4699098046529686
-111.60403944095901,57.06505504078054,0.41142498624844637
-111.57754098848606,57.07213145338156,0.6238027059514512
-111.5740805081222,57.00178627460003,0.6893087220547768
